#
'''
BASIC SQL COMMANDS:

show databases;           # FIX: was "show databse;" (typo) - use plural

create database data;     # FIX: must have semicolon

use data;                 # Select the database to use

show tables;              # FIX: was "shiow tables;" (typo)


BASIC TABLE CREATION AND QUERIES:

open command line client

create table products( 
    id int, 
    name varchar(50), 
    description varchar(100), 
    price float, 
    quantity int
);

show tables;

describe products;

insert into products values(1, 'laptop', 'HP Victus', 70000, 5);

select id, name, quantity from products;


'''


'''
SQL DATA TYPES REFERENCE:

=== NUMERIC TYPES ===
INT              - Standard integer (-2147483648 to 2147483647)
BIGINT           - Large integer (-9223372036854775808 to 9223372036854775807)
SMALLINT         - Small integer (-32768 to 32767)
TINYINT          - Very small integer (0 to 255)
DECIMAL(p, s)    - Fixed-point (p=total digits, s=decimal places) e.g., DECIMAL(10, 2)
FLOAT            - Single precision floating-point
DOUBLE           - Double precision floating-point
NUMERIC          - Similar to DECIMAL

EXAMPLE:
CREATE TABLE products (
    product_id INT,
    price DECIMAL(10, 2),
    rating FLOAT
);

=== STRING TYPES ===
VARCHAR(n)       - Variable-length string (max n characters)
CHAR(n)          - Fixed-length string (padded with spaces)
TEXT             - Large text (up to 65535 characters)
LONGTEXT         - Very large text (up to 4GB)
ENUM             - List of allowed values
SET              - Multiple values from predefined list

EXAMPLE:
CREATE TABLE users (
    username VARCHAR(50),
    email VARCHAR(100),
    bio TEXT,
    status ENUM('active', 'inactive', 'suspended')
);

=== DATE AND TIME TYPES ===
DATE             - Date only (YYYY-MM-DD)
TIME             - Time only (HH:MM:SS)
DATETIME         - Date and time (YYYY-MM-DD HH:MM:SS)
TIMESTAMP        - Timestamp (auto-updates to current time)
YEAR             - Year only (YYYY)

EXAMPLE:
CREATE TABLE orders (
    order_id INT,
    order_date DATE,
    created_at DATETIME,
    updated_at TIMESTAMP DEFAULT CURRENT_TIMESTAMP
);

=== BOOLEAN TYPE ===
BOOLEAN or BOOL  - True (1) or False (0)

EXAMPLE:
CREATE TABLE features (
    feature_id INT,
    is_active BOOLEAN DEFAULT TRUE
);

=== BINARY TYPES ===
BINARY(n)        - Fixed-length binary data
VARBINARY(n)     - Variable-length binary data
BLOB             - Binary Large Object

=== SPECIAL TYPES ===
JSON             - JSON data structure
UUID             - Universally Unique Identifier (as VARCHAR(36) or CHAR(36))

EXAMPLE WITH PRODUCTS TABLE:
CREATE TABLE products (
    id INT PRIMARY KEY AUTO_INCREMENT,
    name VARCHAR(50) NOT NULL,
    description VARCHAR(100),
    price DECIMAL(10, 2) NOT NULL,
    quantity INT DEFAULT 0,
    created_at DATETIME DEFAULT CURRENT_TIMESTAMP,
    is_available BOOLEAN DEFAULT TRUE
);

INSERT INTO products VALUES(
    1, 
    'laptop', 
    'HP Victus', 
    70000.00, 
    5,
    NOW(),
    TRUE
);

SELECT * FROM products;

'''



'''
insert into products values(1, 'Laptop', 'HP laptop', 2500.0, 10);
insert into products values(2, 'Tab', 'ANdrioid', 70000, 10);
insert into products values(3, 'Macbook', 'IOS laptop', 4600.0, 15);
insert into products values(4, 'Android', 'Mobile', 894841.0, 100);
insert into products values(5, 'Smartphone', 'Samsung Galaxy', 30000.0, 25);
insert into products values(6, 'Headphones', 'Sony WH-1000XM4', 25000.0, 30);
insert into products values(7, 'Monitor', 'Dell 27"', 15000.0, 12);
insert into products values(8, 'Keyboard', 'Mechanical RGB', 5000.0, 50);
insert into products values(9, 'Mouse', 'Wireless Logitech', 2000.0, 40);
insert into products values(10, 'Printer', 'HP LaserJet', 12000.0, 8);


select * from products;

select * from products where name like 'm_____';

#last char e and rest can be anything


'''


'''

alter-> add new column 
alter table products add column MFDate date;

mysql> alter table products add column MFDate date;
Query OK, 0 rows affected (0.13 sec)
Records: 0  Duplicates: 0  Warnings: 0

mysql> desc products;
+-------------+--------------+------+-----+---------+-------+
| Field       | Type         | Null | Key | Default | Extra |
+-------------+--------------+------+-----+---------+-------+
| id          | int          | YES  |     | NULL    |       |
| name        | varchar(50)  | YES  |     | NULL    |       |
| description | varchar(100) | YES  |     | NULL    |       |
| price       | float        | YES  |     | NULL    |       |
| quantity    | int          | YES  |     | NULL    |       |
| MFDate      | date         | YES  |     | NULL    |       |
+-------------+--------------+------+-----+---------+-------+


can format date: 'YYYY-MM-DD', fixed

alter change
mysql> alter table products change mfdate company varchar(50);

Query OK, 13 rows affected (0.15 sec)
Records: 13  Duplicates: 0  Warnings: 0
mysql> desc products;
+-------------+--------------+------+-----+---------+-------+
| Field       | Type         | Null | Key | Default | Extra |
+-------------+--------------+------+-----+---------+-------+
| id          | int          | YES  |     | NULL    |       |
| name        | varchar(50)  | YES  |     | NULL    |       |
| description | varchar(100) | YES  |     | NULL    |       |
| price       | float        | YES  |     | NULL    |       |
| quantity    | int          | YES  |     | NULL    |       |
| company     | varchar(50)  | YES  |     | NULL    |       |
+-------------+--------------+------+-----+---------+-------+



ALTER -> modify column 
-> change feild -> details remain same , only datatype or size changes
mysql> alter table products modify company varchar(100);

mysql> alter table products modify name int;
ERROR 1366 (HY000): Incorrect integer value: 'laptop' for column 'name' at row 1

mysql> alter table products drop column company;
Query OK, 0 rows affected (0.02 sec)

->renmae
mysql> alter table products rename to items;

'''




'''
UPDATE command
update products set price = 80000 where id = 1;


Delete command
delete from products where id = 1;

Null to not Null
alter table Mydata modify id int not null;
insert into Mydata( id, name, description) values (4, 'keyboard','asus keyboard');

DEFAULT value
alter table Mydata modify quantity int default 0;

'''


'''
KEYS:
Primary Key: 
A primary key is a unique identifier for each record in a table. It ensures that no two records
alter table Mydata add primary key(id);

Unique Key: 
A unique key constraint ensures that all values in a column or a set of columns are unique across the table.
alter table Mydata add unique key (name);

desc Mydata;
+-------------+--------------+------+-----+---------+-------+
| Field       | Type         | Null | Key | Default | Extra |
+-------------+--------------+------+-----+---------+-------+
| id          | int          | NO   | PRI | NULL    |       |
| name        | varchar(50)  | YES  | UNI | NULL    |       |
| description | varchar(100) | YES  |     | NULL    |       |
| price       | float        | YES  |     | NULL    |       |
| quantity    | int          | YES  |     | 10      |       |
+-------------+--------------+------+-----+---------+-------+

Foreign Key:
A foreign key is a field (or collection of fields) in one table that uniquely identifies a
record in another table.


'''




'''
FUNCTIONS:

mysql> select sum(price) from Mydata;
+------------+
| sum(price) |
+------------+
|     249000 |
+------------+
1 row in set (0.01 sec)

mysql> select avg(price) from Mydata;
+------------+
| avg(price) |
+------------+
|      31125 |
+------------+
1 row in set (0.00 sec)

mysql> select max(price) from Mydata;
+------------+
| max(price) |
+------------+
|      70000 |
+------------+
1 row in set (0.00 sec)


mysql> select min(price) from Mydata;
+------------+
| min(price) |
+------------+
|       2000 |
+------------+
1 row in set (0.00 sec)

mysql> select count(*) from Mydata;
+----------+
| count(*) |
+----------+
|        8 |
+----------+
1 row in set (0.01 sec)


count does not count null values


'''


'''
JOINS:
all joins

INNER JOIN: Returns records that have matching values in both tables.
SELECT orders.id, customers.name
FROM orders
INNER JOIN customers ON orders.customer_id = customers.id;

LEFT JOIN: Returns all records from the left table, and the matched records from the right table.
SELECT customers.name, orders.id
FROM customers
LEFT JOIN orders ON customers.id = orders.customer_id;

RIGHT JOIN: Returns all records from the right table, and the matched records from the left table.
SELECT orders.id, customers.name
FROM orders
RIGHT JOIN customers ON orders.customer_id = customers.id;

FULL OUTER JOIN: Returns all records when there is a match in either left or right table.
SELECT customers.name, orders.id
FROM customers
FULL OUTER JOIN orders ON customers.id = orders.customer_id;

CROSS JOIN: Returns the Cartesian product of both tables.
SELECT customers.name, orders.id
FROM customers
CROSS JOIN orders;

SELF JOIN: A table is joined with itself to compare rows within the same table.
SELECT A.name AS Employee, B.name AS Manager
FROM employees A


'''